hc,sexo,edad,ant_diabetes,ant_tbc,ant_cancer,ant_obesidad,ant_ecv,ant_ht,ant_col,fuma,edadini,cantidad,col,peso,talla,sist,diast
26880,M,17,NO,NO,NO,SI,NO,SI,NO,NO,NA,NA,193.1,65.2,165,110,65
26775,M,18,SI,NO,NO,NO,NO,NO,NO,NO,NA,NA,165.5,64,167,120,80
26877,M,18,SI,NO,SI,NO,NO,SI,NO,NO,NA,NA,NA,56,164,120,70
26776,M,18,NO,NO,NO,SI,SI,NO,SI,NO,NA,NA,179.3,65.3,155,120,60
26718,M,18,NO,NO,NO,NO,NO,SI,SI,NO,NA,NA,192,62.8,169,130,60
26738,M,18,NO,NO,NO,NO,NO,SI,NO,NO,NA,NA,178.6,85,167,130,65
26836,M,18,NO,NO,NO,NO,NO,NO,NO,NO,NA,NA,161.3,73,181,130,70
26823,M,18,NO,NO,SI,NO,SI,NO,NO,NO,NA,NA,NA,70,160,130,60
26711,M,18,NO,NO,SI,SI,NO,NO,SI,NO,NA,NA,NA,61.3,160,120,65
26852,M,18,NO,NO,SI,NO,NO,SI,NO,NO,NA,NA,192.8,54,165,120,80
26804,M,18,NO,NO,NO,NO,NO,NO,SI,NO,NA,NA,180.6,51.8,158,120,80
27127,M,18,SI,NO,NO,NO,SI,SI,SI,NO,NA,NA,NA,65,170,100,70
27216,M,18,NO,NO,SI,SI,SI,SI,SI,NO,NA,NA,168,60,169,110,60
26723,M,18,SI,NO,SI,NO,NO,NO,NO,NO,NA,NA,168,45.5,155,120,80
26646,M,18,NO,NO,SI,SI,SI,NO,SI,NO,NA,NA,NA,45.1,153,120,80
26808,M,18,NO,NO,NO,NO,SI,NO,NO,NO,NA,NA,NA,60,163,120,80
26898,M,18,NO,NO,NO,SI,NO,NO,NO,NO,NA,NA,173.3,70.5,165,120,70
26940,M,18,NO,NO,SI,SI,NO,NO,SI,NO,NA,NA,NA,70,157,120,80
26871,M,18,SI,NO,SI,NO,NO,SI,NO,SI,17,20,172.4,57,161,120,80
26838,M,18,NO,NO,NO,SI,NO,SI,NO,NO,NA,NA,186.7,62,160,110,70
26830,M,18,NO,NO,SI,SI,NO,SI,NO,SI,15,7,206.7,83.5,162,110,60
26849,M,18,NO,SI,SI,SI,SI,NO,NO,NO,NA,NA,NA,65,158,110,70
26726,M,18,NO,NO,NO,NO,SI,NO,NO,NO,NA,NA,190,45,166,110,70
26715,M,18,NO,NO,NO,NO,NO,SI,NO,NO,NA,NA,208,48,156,110,70
26724,M,18,SI,NO,NO,NO,NO,NO,NO,NO,NA,NA,176,58,169,110,70
26803,M,18,SI,NO,NO,NO,SI,SI,NO,NO,NA,NA,193.5,53,160,110,70
26795,M,18,SI,NO,NO,NO,NO,NO,NO,NO,NA,NA,148.4,54.2,164,110,70
26756,M,18,NO,NO,NO,SI,NO,NO,NO,NO,NA,NA,151,73,162,110,70
27126,M,18,NO,NO,NO,NO,SI,NO,NO,SI,15,10,NA,50,160,120,80
26837,M,18,NO,NO,SI,NO,NO,NO,NO,NO,NA,NA,174.2,50.5,154,120,70
26817,M,18,NO,NO,SI,NO,NO,NO,NO,NO,NA,NA,160,49.5,152,120,70
26768,M,18,NO,NO,NO,SI,NO,NO,SI,NO,NA,NA,206.7,60,163,120,70
27046,M,18,SI,NO,NO,NO,SI,SI,NO,SI,18,3,149,41,137,100,55
26757,M,18,NO,NO,NO,SI,SI,NO,NO,NO,NA,NA,207,73,166,130,80
26891,M,18,NO,NO,SI,NO,SI,NO,NO,NO,NA,NA,255,57.8,164,120,80
26759,M,18,NO,NO,SI,SI,SI,NO,NO,NO,NA,NA,242.8,60.5,161,120,70
26730,M,18,NO,NO,NO,SI,NO,NO,NO,NO,NA,NA,224,65,165,110,70
26791,M,18,NO,NO,NO,NO,SI,NO,SI,NO,NA,NA,238.7,75,156,150,100
26821,H,18,NO,NO,NO,NO,NO,SI,NO,NO,NA,NA,133.3,64,185,130,80
27147,H,18,NO,NO,NO,NO,SI,SI,SI,NO,NA,NA,157.1,72.1,174,120,70
26833,H,18,NO,NO,SI,NO,NO,NO,NO,NO,NA,NA,148.4,68,164,110,70
26896,H,18,NO,NO,NO,NO,NO,NO,NO,NO,NA,NA,178.6,73.8,176,120,80
26714,M,19,NO,NO,SI,NO,NO,SI,NO,NO,NA,NA,200,62,159,120,70
26743,M,19,NO,NO,SI,SI,NO,NO,NO,NO,NA,NA,158.6,75,163,100,60
26839,M,19,SI,NO,NO,NO,NO,SI,NO,NO,NA,NA,206.7,48,155,110,60
26874,M,19,NO,NO,NO,SI,SI,SI,NO,NO,NA,NA,190,61.2,169,120,80
26883,M,19,SI,NO,NO,NO,NO,NO,NO,SI,15,1,174.2,56,164,120,70
26840,M,19,NO,NO,NO,NO,NO,NO,NO,NO,NA,NA,179.3,62,164,110,70
26855,M,19,NO,NO,NO,NO,NO,NO,NO,NO,NA,NA,NA,57.3,165,110,70
26777,M,19,NO,NO,NO,NO,SI,SI,NO,NO,NA,NA,NA,57,156,110,60
26727,M,19,NO,NO,NO,NO,NO,NO,NO,NO,NA,NA,176,71,168,110,70
26897,M,19,NO,NO,NO,NO,NO,NO,NO,NO,NA,NA,165.5,73.5,162,110,70
26878,M,19,NO,NO,SI,SI,SI,NO,SI,NO,NA,NA,193.5,60.8,170,120,65
27233,M,19,SI,NO,SI,SI,NO,SI,NO,SI,17,17,NA,53,167,120,70
27245,M,19,NO,NO,SI,NO,NO,SI,NO,SI,18,4,160,54,165,120,60
26737,M,19,NO,NO,SI,NO,NO,SI,NO,NO,NA,NA,186.2,48,165,120,60
26762,M,19,NO,NO,SI,SI,NO,NO,NO,NO,NA,NA,NA,80.1,171,130,75
26719,M,19,NO,NO,SI,NO,NO,SI,SI,NO,NA,NA,NA,42.5,153,130,70
26806,M,19,NO,NO,NO,NO,SI,SI,NO,NO,NA,NA,290.3,63,176,100,55
26868,M,19,NO,NO,NO,NO,NO,NO,SI,NO,NA,NA,240,51.5,155,100,60
27119,M,19,NO,NO,SI,NO,SI,SI,SI,SI,18,7,219.3,59,164,120,70
26770,M,19,SI,NO,SI,SI,SI,SI,SI,NO,NA,NA,255.2,58,156,100,60
26858,M,19,NO,NO,NO,NO,SI,NO,SI,SI,18,6,213.8,55,158,120,80
26813,H,19,SI,NO,NO,SI,SI,SI,NO,NO,NA,NA,180.6,57,167,120,80
26796,H,19,NO,NO,NO,NO,SI,SI,NO,NO,NA,NA,174.2,76,176,120,70
26869,H,19,NO,NO,SI,NO,NO,SI,NO,SI,15,7,200,70,164,110,70
26859,H,19,NO,NO,SI,SI,SI,SI,NO,NO,NA,NA,200,76,186,120,80
27088,M,20,NO,NO,NO,NO,NO,NO,SI,NO,NA,NA,171.4,56,158,120,70
27006,M,20,SI,NO,NO,SI,NO,SI,NO,NO,NA,NA,206.9,69.3,156,130,80
26812,M,20,NO,NO,SI,NO,NO,NO,NO,SI,18,20,NA,59.5,167,130,70
26780,M,20,NO,NO,NO,SI,SI,NO,NO,NO,NA,NA,200,58.2,160,100,60
26826,M,20,SI,NO,SI,NO,NO,NO,NO,NO,NA,NA,253.3,74,173,120,80
26769,H,20,NO,NO,NO,SI,NO,NO,NO,NO,NA,NA,179.3,56,161,120,80
26807,H,20,NO,NO,NO,SI,SI,SI,NO,SI,14,6,154.8,55,171,110,70
26746,M,21,NO,NO,SI,NO,NO,NO,NO,NO,NA,NA,165.5,49,160,110,60
27104,M,21,SI,NO,SI,SI,NO,SI,NO,NO,NA,NA,174.2,58,169,100,60
26848,M,21,NO,NO,SI,NO,NO,NO,SI,NO,NA,NA,192.8,59.7,158,110,80
26900,M,21,NO,NO,NO,NO,SI,NO,NO,NO,NA,NA,186.7,55.5,159,110,70
26864,M,21,NO,NO,SI,NO,NO,NO,NO,NO,NA,NA,NA,71.2,162,120,70
26825,M,21,NO,NO,NO,SI,SI,SI,NO,NO,NA,NA,166.7,66,166,100,70
26822,H,21,SI,NO,NO,NO,SI,NO,SI,NO,NA,NA,180,69,177,130,80
26846,H,21,NO,NO,NO,NO,SI,NO,NO,NO,NA,NA,207,71.5,178,120,70
26887,H,21,NO,NO,NO,NO,SI,SI,NO,NO,NA,NA,207,64.5,168,120,80
26789,M,22,SI,NO,SI,NO,SI,SI,NO,NO,NA,NA,193.3,62,160,120,70
26922,M,22,NO,NO,SI,SI,NO,SI,NO,SI,16,10,207.1,65.5,165,120,80
26712,M,22,NO,NO,NO,NO,NO,SI,NO,NO,NA,NA,192,64.7,174,130,70
26782,M,22,NO,NO,SI,NO,NO,SI,NO,NO,NA,NA,200,66,166,110,70
26923,M,22,SI,NO,NO,NO,NO,SI,SI,NO,NA,NA,178.6,58.8,170,110,65
26788,M,22,SI,NO,SI,NO,SI,SI,SI,SI,19,20,NA,63,170,110,70
26876,M,22,NO,NO,SI,NO,SI,NO,SI,NO,NA,NA,193.1,63.7,162,130,65
26779,H,22,SI,NO,NO,NO,SI,SI,NO,SI,20,10,144.8,65,171,120,70
27372,H,22,NO,NO,NO,SI,NO,SI,SI,NO,NA,NA,NA,65,183,120,80
26720,H,22,SI,NO,SI,NO,NO,SI,SI,NO,NA,NA,192,71.5,171,130,80
26847,H,22,NO,NO,NO,NO,SI,NO,SI,NO,NA,NA,195,64,171,130,80
27047,H,22,NO,NO,NO,NO,NO,NO,NO,NO,NA,NA,200,73,172,120,70
26860,H,22,NO,NO,NO,NO,NO,NO,NO,NO,NA,NA,179.3,85,182,115,70
27261,M,23,NO,NO,NO,NO,NO,NO,NO,SI,23,2,NA,63.3,171,120,70
27262,M,23,NO,NO,SI,NO,NO,SI,NO,SI,18,8,207.1,82.5,162,120,70
26735,M,23,NO,NO,NO,NO,NO,SI,NO,NO,NA,NA,152,59.4,156,110,60
27250,M,23,NO,NO,NO,NO,SI,SI,NO,NO,NA,NA,NA,52,159,110,70
26732,H,23,NO,NO,NO,NO,NO,NO,NO,NO,NA,NA,216,76,173,140,90
27086,M,24,NO,NO,SI,NO,NO,SI,NO,SI,22,20,142.8,49.3,155,90,60
26857,M,24,SI,NO,SI,NO,SI,SI,NO,NO,NA,NA,264.5,60,161,90,60
26794,H,24,NO,NO,SI,NO,NO,NO,NO,NO,NA,NA,200,74,177,160,100
26786,H,24,NO,NO,SI,NO,SI,SI,SI,NO,NA,NA,238.7,84,176,130,80
26799,M,25,SI,SI,SI,NO,SI,SI,SI,NO,NA,NA,203,51,155,120,70
26816,M,25,SI,NO,SI,SI,SI,SI,SI,NO,NA,NA,166.7,76.5,152,130,80
27339,M,25,NO,NO,NO,NO,NO,NO,NO,NO,NA,NA,NA,62.5,155,120,80
26771,M,25,NO,NO,NO,NO,SI,NO,NO,NO,NA,NA,NA,57.3,154,120,65
26924,M,25,NO,NO,NO,NO,SI,SI,NO,NO,NA,NA,NA,73.3,156,120,60
27368,M,25,NO,NO,SI,NO,NO,NO,SI,NO,NA,NA,NA,55,155,110,60
26798,M,25,SI,NO,NO,NO,NO,NO,NO,SI,16,10,156,67.5,161,100,60
26829,H,25,SI,NO,NO,NO,NO,SI,SI,NO,NA,NA,160,66,172,120,80
26809,H,25,NO,NO,SI,NO,SI,SI,SI,NO,NA,NA,171.4,84,184,130,80
26716,H,25,SI,NO,SI,NO,SI,NO,NO,SI,21,5,241.3,78,178,140,90
26760,M,26,SI,NO,SI,NO,NO,SI,SI,NO,NA,NA,178.6,51,165,110,60
26851,M,26,NO,NO,NO,NO,NO,NO,NO,NO,NA,NA,192.8,70.1,167,120,70
26815,M,26,SI,NO,NO,NO,SI,SI,SI,NO,NA,NA,180,46.8,162,100,60
26818,M,27,NO,NO,NO,NO,SI,SI,NO,NO,NA,NA,200,49.3,159,110,55
26805,M,27,SI,NO,NO,SI,NO,SI,SI,SI,18,2,225.8,51.3,149,100,60
26736,M,27,SI,NO,NO,NO,NO,NO,NO,SI,12,15,184,52.4,166,90,60
26841,H,27,SI,NO,SI,NO,NO,SI,NO,NO,NA,NA,166.7,62.5,162,120,80
27343,H,27,NO,NO,NO,SI,NO,SI,NO,NO,NA,NA,228.5,64.3,179,130,80
26820,H,27,NO,NO,SI,NO,SI,NO,NO,NO,NA,NA,166.7,53.5,168,120,70
26892,H,27,NO,NO,NO,NO,NO,SI,NO,SI,17,17,258,115,179,120,80
26893,M,28,NO,NO,SI,NO,SI,SI,SI,NO,NA,NA,180.6,65,170,90,50
26888,M,31,NO,NO,NO,NO,SI,NO,NO,SI,18,10,206.4,50,160,110,70
27209,M,31,SI,NO,NO,NO,SI,SI,SI,NO,NA,NA,200,46,150,120,70
26722,M,31,SI,NO,NO,SI,SI,SI,SI,NO,NA,NA,232.2,71,161,120,80
26879,H,31,SI,NO,NO,NO,NO,SI,SI,NO,NA,NA,207,70,179,135,60
26842,M,32,SI,NO,SI,NO,NO,NO,NO,SI,17,4,180,61.2,175,120,60
26729,M,32,SI,SI,SI,SI,NO,SI,NO,SI,15,15,176,66.5,170,120,80
26819,M,33,SI,NO,NO,NO,SI,NO,NO,NO,NA,NA,NA,62.1,155,110,60
26728,M,33,NO,NO,NO,NO,NO,NO,NO,SI,20,3,152,72,165,110,70
26731,M,33,SI,NO,SI,NO,SI,SI,SI,NO,NA,NA,236,65,165,120,70
26881,H,33,NO,NO,SI,NO,NO,NO,NO,NO,NA,NA,200,65.3,167,140,80
26811,M,35,NO,NO,SI,NO,NO,SI,SI,NO,NA,NA,187.1,57.5,164,120,60
26834,H,35,SI,NO,SI,SI,SI,SI,NO,SI,16,1,219.3,79,166,120,80
26739,M,36,NO,NO,NO,NO,SI,SI,NO,NO,NA,NA,186.2,60.5,164,100,60
26899,M,36,SI,NO,NO,NO,SI,SI,NO,NO,NA,NA,167,52,160,110,70
26954,H,37,SI,NO,NO,NO,SI,NO,SI,NO,NA,NA,178.6,85,180,140,85
26792,M,38,NA,NA,NA,NA,NA,NA,NA,SI,20,NA,154.8,52,147,130,75
27338,M,38,NO,NO,NO,NO,NO,NO,NO,NO,NA,NA,141.2,67.7,176,130,80
26890,M,39,NO,NO,NO,SI,SI,NO,NO,SI,17,3,187.1,64.5,165,100,70
26884,H,39,NO,NO,NO,NO,NO,SI,NO,NO,NA,NA,193.5,78,178,120,80
26774,H,39,NO,NO,NO,NO,NO,SI,NO,NO,NA,NA,179.3,81,169,100,60
26741,H,40,NO,NO,SI,NO,NO,NO,NO,NO,NA,NA,250,73.1,177,145,80
26875,M,41,SI,NO,SI,NO,NO,SI,NO,NO,NA,NA,154,67,168,110,70
26744,H,41,SI,NO,SI,NO,SI,SI,NO,NO,NA,NA,227.6,79,180,120,80
26721,M,42,NO,SI,NO,SI,NO,SI,NO,SI,18,3,193.1,60,159,130,80
26866,M,43,SI,NO,NO,NO,SI,NO,NO,NO,NA,NA,200,82.2,164,120,60
26889,M,45,NO,NO,NO,NO,NO,NO,NO,NO,NA,NA,232.2,70,167,110,70
26745,M,47,SI,NO,SI,NO,NO,NO,NO,NO,NA,NA,186.2,52.5,159,120,70
26850,M,49,NO,SI,NO,SI,SI,SI,SI,NO,NA,NA,228.6,58.3,155,140,80
26755,M,52,NO,NO,SI,SI,SI,NO,SI,NO,NA,NA,213.8,91.3,154,170,90
26886,M,52,NO,NO,NO,SI,SI,SI,NO,NO,NA,NA,296.5,54,160,140,80
26748,M,66,NO,NO,NO,NO,NO,NO,NO,NO,NA,NA,231,65,153,120,80
